date,gold_price,usd_index,treasury_yield,inflation_rate
2016-01-31,1279.802849180674,98.5174807793314,2.5777135574710393,1.5504017848191614
2016-02-29,1234.5238396725974,103.53602403308527,2.6208878891239693,1.478851749048772
2016-03-31,1285.2345709386698,107.19007798762553,3.34667773420876,1.7696684583755196
2016-04-30,1385.9775397614808,100.9385310760953,2.887574389690565,2.352412522640978
2016-05-31,1282.6007602026332,103.06890547060146,2.5393610063224865,1.948909850839349
2016-06-30,1272.9895456429203,105.05108623014948,3.2486430724504443,2.4072520742904633
2016-07-31,1368.5161906210133,103.78114777174011,3.5578412175850582,1.4300933560868068
2016-08-31,1361.281758622134,102.14437657776267,3.2785338798788257,2.071491771932539
2016-09-30,1288.8918722084911,106.12622086027942,2.622239821221404,1.651120546712323
2016-10-31,1282.467704403348,104.09957610399529,2.9721816961066363,2.4408565820937653
2016-11-30,1271.4832876577034,107.3166274728957,3.5372473711364494,1.2196472611733462
2016-12-31,1289.2541469573587,104.38424002046875,2.9512961448972423,1.5426195570424068
2017-01-31,1389.738847658457,108.56218509244235,3.215651595177242,1.8397206371393047
2017-02-28,1202.945557641954,104.74433138487817,3.516076845237038,0.5563328255599854
2017-03-31,1160.6980252034325,105.54007388413115,3.0570841703911933,1.1110940417345605
2017-04-30,1225.716999564184,106.94215926951523,3.2562596273744324,1.147780934506889
2017-05-31,1161.494151317648,102.67235386836332,2.364634409885894,1.3831458172257791
2017-06-30,1211.0652260167997,104.65126885287678,2.9735174573696717,1.558832842344463
2017-07-31,1121.9303464265784,106.64646386275086,3.2823741449912744,1.9943290285395112
2017-08-31,1142.3659128484999,99.95359838441755,2.946461116687793,1.6649013609714198
2017-09-30,1328.9564528978392,101.6529227735293,3.6021063374444253,1.4271514435307173
2017-10-31,1167.2181197531322,102.00235188429126,2.818577973634987,0.9750703709669211
2017-11-30,1231.771588819431,101.89966060943188,3.020155288189774,1.6603108462414642
2017-12-31,1149.832168549562,97.62483603869012,3.2383620820194374,1.0715710542908674
2018-01-31,1348.8796290640864,95.58232802948893,3.39380709856946,2.7303427644699143
2018-02-28,1326.3532322605577,98.7850031343143,2.511236219381411,2.1244825128096303
2018-03-31,1208.0890639528648,98.50603273256618,3.364406958186181,1.2285078670638476
2018-04-30,1325.0672210688713,97.26400923389687,2.854378740511552,0.9648806305013914
2018-05-31,1276.3743731565146,97.4030303387974,2.556508591649714,2.0942976959791944
2018-06-30,1321.2575858497275,94.84608317324275,2.894318744781285,1.5966992335984078
2018-07-31,1341.8679859398517,96.42821184644026,2.743589300117363,2.178862496669088
2018-08-31,1583.1663083969208,95.10205946397319,2.2110292510702676,1.5285615532760946
2018-09-30,1510.4309556783994,93.64238956137496,2.4335643814665753,1.7811119021752897
2018-10-31,1394.124649711003,99.73518128276602,2.362945711109855,1.7903467793092793
2018-11-30,1546.8273547580604,96.38012857289355,2.3108518055427663,2.1124469470220175
2018-12-31,1419.6007024035355,94.2603865609905,2.5554916034602218,1.9591752162153735
2019-01-31,1542.8339388223199,97.75534298097757,2.664623009025486,2.634807850583639
2019-02-28,1350.8772000316162,96.26189248939765,1.967473409406618,1.2747062283101949
2019-03-31,1354.9917773437246,100.44194901516622,2.9359461576699837,1.6530317606789318
2019-04-30,1484.0917776139916,101.1392848911247,1.5463416595109576,2.016301807912743
2019-05-31,1533.5432970174002,97.64327059550538,2.0060826676956154,2.2728621276583
2019-06-30,1519.2645701088525,102.06855861168727,2.2158911926737472,2.323175091453261
2019-07-31,1515.956968128088,101.75258037573548,2.1051786080666743,1.5820570995210284
2019-08-31,1555.5219873067917,103.0747488288937,1.7775932199112294,1.4973983063193348
2019-09-30,1469.0782945168712,106.441856537976,1.9765860545891885,2.449227317793146
2019-10-31,1404.5453289586046,103.18499920337973,1.949045627419482,1.9420162627090458
2019-11-30,1412.9074224237702,102.68450996890338,1.9104489167358096,1.526420230224919
2019-12-31,1469.234238418921,102.55395077799852,2.2897850536193354,2.858929267046851
2020-01-31,1952.8747250526862,100.17964239515537,0.1,3.252019303822516
2020-02-29,1768.9964793137412,103.03256707364736,0.1,3.009711832253013
2020-03-31,2022.2471059921131,102.50743468436113,0.1,3.0715016045482697
2020-04-30,2027.6067139485701,102.3860836525402,0.1,3.879512597849935
2020-05-31,1879.4705781934522,104.29653278677891,0.264468435088376,3.4610774933641864
2020-06-30,1969.6402419658637,101.93060847587894,0.1523057273951203,2.8396948245400977
2020-07-31,1996.6242964767976,104.34071636708158,0.1,3.3818769733353373
2020-08-31,2032.1133854564023,100.27720224448427,0.1,3.3223771507468634
2020-09-30,1912.6091855467707,106.45440399373034,0.3653048620132756,3.372670994106481
2020-10-31,1854.7972947628934,102.01965641797548,0.42808683204151243,2.323625205293745
2020-11-30,1925.280057507214,97.96947350704973,0.21639204813978233,3.1249806990138036
2020-12-31,1982.1594489747133,96.4858324716671,0.25076273295482066,3.687688692689261
2021-01-31,1978.429847986414,98.8638186260882,0.6534591221814332,6.053363901403582
2021-02-28,1988.860461400171,96.61991166094727,0.13366812194907987,6.004417517734033
2021-03-31,1946.4395993025068,97.97991050884883,0.5691001136171843,5.577186327500973
2021-04-30,2004.6008612077878,96.39829592026277,0.33701737612514404,6.401438988637752
2021-05-31,2143.3472977206516,93.75878942343678,0.243405757474941,7.073711497759688
2021-06-30,2178.0243644002826,91.34116088643869,0.6518356440215075,7.4569915496389765
2021-07-31,2082.7171557650513,89.98428184220626,0.7111817829082897,6.695072223698013
2021-08-31,2183.9753955640913,91.00392149878283,0.6497880443383817,7.519397009356699
2021-09-30,2136.9338363758175,93.47780057876432,0.8847858661060968,6.221827089465679
2021-10-31,1998.3531500882805,92.71562244381242,0.6748906856176466,5.815353324434499
2021-11-30,2101.597838118695,88.97994565599627,0.8029076756396535,6.680976596678743
2021-12-31,2191.570543214409,91.19859625484435,0.4440067438457202,7.336767266004541
2022-01-31,2265.0483698249773,91.22173116982731,3.785052667461791,7.317018840412317
2022-02-28,2519.0997307133352,87.3169373749597,3.41410196736819,6.71122262141072
2022-03-31,2230.557666076037,91.39559290003247,3.7851733102719693,6.925467316346959
2022-04-30,2243.507245416728,91.50698889662853,3.930901199282397,6.465226690631515
2022-05-31,2164.6770754129334,90.05657011970014,3.5896909533741814,7.097223170357882
2022-06-30,2104.3235775097614,93.98658584650087,4.52190136842014,6.855286453458262
2022-07-31,2097.7160326532135,95.07253251704788,3.592377728683634,6.319480150775485
2022-08-31,2007.1576560817973,97.3593961171143,3.608660696917684,6.308768545228917
2022-09-30,2113.9238216583676,97.4013008434886,4.1966714245174,6.304162234561155
2022-10-31,2082.4442810532505,93.49260180391458,4.096393926298404,6.639816923197232
2022-11-30,2199.438340466815,94.44182486305566,3.902636111425141,7.280933609134126
2022-12-31,2096.623683441736,98.72368403497303,3.9758201923558483,6.598956948349254
2023-01-31,2136.807443548779,99.20899676878807,3.708490601980319,4.775233493304695
2023-02-28,2101.437169920525,100.10495332304694,3.439691259547437,3.9907712924920737
2023-03-31,2144.62200394009,107.13849156102505,3.6464674605138288,3.9720948749752423
2023-04-30,2126.8737451777833,101.21994078050264,3.393524637861141,4.210935346373743
2023-05-31,2070.739727742109,103.13326605429022,3.898172235557764,3.727382526516468
2023-06-30,2143.208740538444,102.68037092501322,3.4400096051315288,4.064957758938016
2023-07-31,2144.5838637982065,102.30160118832427,3.1847122655160707,3.8100165705608737
2023-08-31,2286.089082105588,99.63801465032842,3.1432345427836874,5.358068217377732
2023-09-30,2229.9064316937433,102.12358748306671,3.368233627203771,4.473918284176179
2023-10-31,2211.581060366809,99.05118507722592,3.042356285439968,4.143271917536584
2023-11-30,2264.060816260427,99.57361773021489,2.86193750494903,4.613713596814542
2023-12-31,2209.663763143942,99.05786346585981,3.1870663570290843,4.674396306411552
2024-01-31,2360.618538025672,98.83943928080163,2.9893245368143884,4.932849236238055
2024-02-29,2295.965439452828,103.15428509998621,2.783603510940034,4.837597558923026
2024-03-31,2238.76421486295,94.51636529559683,2.809619552537842,4.7805315137448225
2024-04-30,2250.607712275121,98.87114363535463,2.970035191548999,4.289014965506031
2024-05-31,2187.35785893882,93.92377670519393,2.494276615593683,4.144388421619768
2024-06-30,2263.996582851754,94.98626175699742,2.3989257780589703,4.41797248684285
2024-07-31,2288.4196022458477,97.18998980660793,2.554707732215648,3.656070738597461
2024-08-31,2324.759228918085,94.15724433405143,2.6480446414426138,4.043442032956748
2024-09-30,2363.911066342189,90.8972836133428,2.7492862665014117,5.274571839662188
2024-10-31,2302.032665347789,91.29445624962402,3.1486752239503186,5.2620524160960915
2024-11-30,2390.9071355349192,92.91070527552273,2.8678819882014235,4.682199855247287
2024-12-31,2251.0204174512683,90.36371739969714,2.701163789802547,5.0326636201248425
2025-01-31,2271.259928289152,91.65697254166595,2.7271738722719907,4.967019918395718
2025-02-28,2177.7908727326085,91.49588712800963,2.5348181310258573,5.587134068847313
2025-03-31,2029.6526157175626,90.71813424212499,2.9925488290928897,4.5071351960089565
2025-04-30,2181.2112353014727,95.2420073961613,2.77934004148225,4.311255434010639
2025-05-31,2204.3254633700103,92.04354292684438,2.9638327906932505,4.02643475049985
2025-06-30,2367.880424960927,85.82344251905164,2.4840306696035155,4.0931823218188255
2025-07-31,2221.398006748545,91.32207444512929,3.0674632643077064,4.524181467843979
2025-08-31,2302.8571656670574,89.44589008483314,3.3268884478981,4.303174033220393
2025-09-30,2274.1538721271154,93.06074721313115,2.903507534233545,3.9794062604151614
2025-10-31,2112.8415546829565,91.24818842120514,3.2613979279697936,3.967053955668902
2025-11-30,2271.919406184868,92.24190518893417,3.234896838502832,4.111219610923978
2025-12-31,2250.520233584207,94.2713841915301,2.977056208686282,5.475897121197439
2026-01-31,2321.0886581699547,95.28440427768291,3.1438630533100693,5.294833219119689
2026-02-28,2202.6170549694466,92.61425197255146,3.2497501666964106,4.402045053412246
2026-03-31,2354.167658656166,94.20599157638111,3.1751351709084825,5.300312972868343
